"input","response"
"halo","Halo! Apa kabar hari ini?"
"halo bro","Halo juga! Senang bertemu denganmu."
"halo kak","Halo juga! Senang bertemu denganmu."
"halo mas","Halo! Apa kabar hari ini?"
"halo mba","Hai! Ada yang bisa kubantu?"
"halo teman","Halo juga! Senang bertemu denganmu."
"hai","Halo juga! Senang bertemu denganmu."
"hai bro","Halo juga! Senang bertemu denganmu."
"hai kak","Halo! Apa kabar hari ini?"
"hai mas","Halo juga! Senang bertemu denganmu."
"hai mba","Halo! Apa kabar hari ini?"
"hai teman","Halo! Apa kabar hari ini?"
"hallo","Halo! Apa kabar hari ini?"
"hallo bro","Halo juga! Senang bertemu denganmu."
"hallo kak","Halo! Apa kabar hari ini?"
"hallo mas","Hai! Ada yang bisa kubantu?"
"hallo mba","Halo juga! Senang bertemu denganmu."
"hallo teman","Halo juga! Senang bertemu denganmu."
"helo","Halo juga! Senang bertemu denganmu."
"helo bro","Halo juga! Senang bertemu denganmu."
"helo kak","Halo juga! Senang bertemu denganmu."
"helo mas","Halo! Apa kabar hari ini?"
"helo mba","Halo! Apa kabar hari ini?"
"helo teman","Halo juga! Senang bertemu denganmu."
"selamat pagi","Halo! Apa kabar hari ini?"
"selamat pagi bro","Halo juga! Senang bertemu denganmu."
"selamat pagi kak","Halo! Apa kabar hari ini?"
"selamat pagi mas","Halo! Apa kabar hari ini?"
"selamat pagi mba","Halo! Apa kabar hari ini?"
"selamat pagi teman","Halo! Apa kabar hari ini?"
"selamat siang","Hai! Ada yang bisa kubantu?"
"selamat siang bro","Halo juga! Senang bertemu denganmu."
"selamat siang kak","Hai! Ada yang bisa kubantu?"
"selamat siang mas","Halo! Apa kabar hari ini?"
"selamat siang mba","Hai! Ada yang bisa kubantu?"
"selamat siang teman","Halo juga! Senang bertemu denganmu."
"selamat malam","Halo juga! Senang bertemu denganmu."
"selamat malam bro","Halo! Apa kabar hari ini?"
"selamat malam kak","Hai! Ada yang bisa kubantu?"
"selamat malam mas","Hai! Ada yang bisa kubantu?"
"selamat malam mba","Hai! Ada yang bisa kubantu?"
"selamat malam teman","Halo juga! Senang bertemu denganmu."
"bye","Sampai jumpa! 游녦"
"bye bro","Dadah, jaga kesehatan ya!"
"bye kak","Sampai jumpa! 游녦"
"bye mas","Sampai jumpa! 游녦"
"bye mba","Dadah, jaga kesehatan ya!"
"bye teman","Sampai jumpa! 游녦"
"dadah","Dadah, jaga kesehatan ya!"
"dadah bro","Dadah, jaga kesehatan ya!"
"dadah kak","Sampai bertemu lagi!"
"dadah mas","Dadah, jaga kesehatan ya!"
"dadah mba","Sampai jumpa! 游녦"
"dadah teman","Sampai bertemu lagi!"
"sampai jumpa","Dadah, jaga kesehatan ya!"
"sampai jumpa bro","Sampai bertemu lagi!"
"sampai jumpa kak","Sampai jumpa! 游녦"
"sampai jumpa mas","Dadah, jaga kesehatan ya!"
"sampai jumpa mba","Sampai jumpa! 游녦"
"sampai jumpa teman","Sampai bertemu lagi!"
"sayonara","Dadah, jaga kesehatan ya!"
"sayonara bro","Sampai bertemu lagi!"
"sayonara kak","Sampai bertemu lagi!"
"sayonara mas","Dadah, jaga kesehatan ya!"
"sayonara mba","Sampai bertemu lagi!"
"sayonara teman","Sampai jumpa! 游녦"
"selamat tinggal","Sampai bertemu lagi!"
"selamat tinggal bro","Sampai jumpa! 游녦"
"selamat tinggal kak","Sampai jumpa! 游녦"
"selamat tinggal mas","Sampai bertemu lagi!"
"selamat tinggal mba","Sampai jumpa! 游녦"
"selamat tinggal teman","Dadah, jaga kesehatan ya!"
"terima kasih","Sama-sama!"
"terima kasih bro","Sama-sama!"
"terima kasih kak","Sama-sama!"
"terima kasih mas","Dengan senang hati 游뗵"
"terima kasih mba","Dengan senang hati 游뗵"
"terima kasih teman","Dengan senang hati 游뗵"
"makasih","Kamu sangat welcome!"
"makasih bro","Dengan senang hati 游뗵"
"makasih kak","Sama-sama!"
"makasih mas","Dengan senang hati 游뗵"
"makasih mba","Dengan senang hati 游뗵"
"makasih teman","Sama-sama!"
"thanks","Kamu sangat welcome!"
"thanks bro","Dengan senang hati 游뗵"
"thanks kak","Kamu sangat welcome!"
"thanks mas","Kamu sangat welcome!"
"thanks mba","Kamu sangat welcome!"
"thanks teman","Sama-sama!"
"trimakasih","Kamu sangat welcome!"
"trimakasih bro","Kamu sangat welcome!"
"trimakasih kak","Sama-sama!"
"trimakasih mas","Kamu sangat welcome!"
"trimakasih mba","Kamu sangat welcome!"
"trimakasih teman","Sama-sama!"
"makasih banget","Sama-sama!"
"makasih banget bro","Dengan senang hati 游뗵"
"makasih banget kak","Dengan senang hati 游뗵"
"makasih banget mas","Dengan senang hati 游뗵"
"makasih banget mba","Kamu sangat welcome!"
"makasih banget teman","Kamu sangat welcome!"
"apa kabar","Tenang saja, aku di sini untuk membantu."
"apa kabar bro","Aku baik-baik saja, terima kasih telah menanyakan."
"apa kabar kak","Tenang saja, aku di sini untuk membantu."
"apa kabar mas","Sedang semangat, siap menemani kamu!"
"apa kabar mba","Aku baik-baik saja, terima kasih telah menanyakan."
"apa kabar teman","Aku baik-baik saja, terima kasih telah menanyakan."
"gimana kabarmu","Aku baik-baik saja, terima kasih telah menanyakan."
"gimana kabarmu bro","Sedang semangat, siap menemani kamu!"
"gimana kabarmu kak","Sedang semangat, siap menemani kamu!"
"gimana kabarmu mas","Sedang semangat, siap menemani kamu!"
"gimana kabarmu mba","Aku baik-baik saja, terima kasih telah menanyakan."
"gimana kabarmu teman","Aku baik-baik saja, terima kasih telah menanyakan."
"kabar kamu bagaimana","Tenang saja, aku di sini untuk membantu."
"kabar kamu bagaimana bro","Tenang saja, aku di sini untuk membantu."
"kabar kamu bagaimana kak","Sedang semangat, siap menemani kamu!"
"kabar kamu bagaimana mas","Aku baik-baik saja, terima kasih telah menanyakan."
"kabar kamu bagaimana mba","Tenang saja, aku di sini untuk membantu."
"kabar kamu bagaimana teman","Sedang semangat, siap menemani kamu!"
"apa yang kamu rasakan","Sedang semangat, siap menemani kamu!"
"apa yang kamu rasakan bro","Tenang saja, aku di sini untuk membantu."
"apa yang kamu rasakan kak","Sedang semangat, siap menemani kamu!"
"apa yang kamu rasakan mas","Aku baik-baik saja, terima kasih telah menanyakan."
"apa yang kamu rasakan mba","Sedang semangat, siap menemani kamu!"
"apa yang kamu rasakan teman","Aku baik-baik saja, terima kasih telah menanyakan."
"siapa kamu","Aku adalah chatbot buatan Olskard."
"siapa kamu bro","Namaku Chatbot Olskard, senang bertemu!"
"siapa kamu kak","Namaku Chatbot Olskard, senang bertemu!"
"siapa kamu mas","Namaku Chatbot Olskard, senang bertemu!"
"siapa kamu mba","Namaku Chatbot Olskard, senang bertemu!"
"siapa kamu teman","Aku adalah chatbot buatan Olskard."
"namamu siapa","Aku adalah chatbot buatan Olskard."
"namamu siapa bro","Namaku Chatbot Olskard, senang bertemu!"
"namamu siapa kak","Aku adalah chatbot buatan Olskard."
"namamu siapa mas","Aku adalah chatbot buatan Olskard."
"namamu siapa mba","Aku adalah chatbot buatan Olskard."
"namamu siapa teman","Aku adalah chatbot buatan Olskard."
"kamu siapa","Aku adalah chatbot buatan Olskard."
"kamu siapa bro","Namaku Chatbot Olskard, senang bertemu!"
"kamu siapa kak","Aku adalah chatbot buatan Olskard."
"kamu siapa mas","Namaku Chatbot Olskard, senang bertemu!"
"kamu siapa mba","Namaku Chatbot Olskard, senang bertemu!"
"kamu siapa teman","Namaku Chatbot Olskard, senang bertemu!"
"siapa namamu","Namaku Chatbot Olskard, senang bertemu!"
"siapa namamu bro","Aku adalah chatbot buatan Olskard."
"siapa namamu kak","Aku adalah chatbot buatan Olskard."
"siapa namamu mas","Namaku Chatbot Olskard, senang bertemu!"
"siapa namamu mba","Namaku Chatbot Olskard, senang bertemu!"
"siapa namamu teman","Aku adalah chatbot buatan Olskard."
"dimana kamu tinggal","Di dunia digital, bisa diakses dari mana saja."
"dimana kamu tinggal bro","Di dunia digital, bisa diakses dari mana saja."
"dimana kamu tinggal kak","Aku tinggal di HP mu 游때"
"dimana kamu tinggal mas","Di dunia digital, bisa diakses dari mana saja."
"dimana kamu tinggal mba","Aku tinggal di HP mu 游때"
"dimana kamu tinggal teman","Di dunia digital, bisa diakses dari mana saja."
"kamu tinggal dimana","Aku tinggal di HP mu 游때"
"kamu tinggal dimana bro","Aku tinggal di HP mu 游때"
"kamu tinggal dimana kak","Di dunia digital, bisa diakses dari mana saja."
"kamu tinggal dimana mas","Aku tinggal di HP mu 游때"
"kamu tinggal dimana mba","Aku tinggal di HP mu 游때"
"kamu tinggal dimana teman","Di dunia digital, bisa diakses dari mana saja."
"di mana rumahmu","Aku tinggal di HP mu 游때"
"di mana rumahmu bro","Aku tinggal di HP mu 游때"
"di mana rumahmu kak","Di dunia digital, bisa diakses dari mana saja."
"di mana rumahmu mas","Di dunia digital, bisa diakses dari mana saja."
"di mana rumahmu mba","Aku tinggal di HP mu 游때"
"di mana rumahmu teman","Aku tinggal di HP mu 游때"
"asalmu dari mana","Di dunia digital, bisa diakses dari mana saja."
"asalmu dari mana bro","Di dunia digital, bisa diakses dari mana saja."
"asalmu dari mana kak","Aku tinggal di HP mu 游때"
"asalmu dari mana mas","Aku tinggal di HP mu 游때"
"asalmu dari mana mba","Aku tinggal di HP mu 游때"
"asalmu dari mana teman","Aku tinggal di HP mu 游때"
"apa hobimu","Hobiku ngobrol dan belajar hal baru."
"apa hobimu bro","Suka coding dan membaca artikel teknologi."
"apa hobimu kak","Hobiku ngobrol dan belajar hal baru."
"apa hobimu mas","Hobiku ngobrol dan belajar hal baru."
"apa hobimu mba","Hobiku ngobrol dan belajar hal baru."
"apa hobimu teman","Suka coding dan membaca artikel teknologi."
"hobi kamu apa","Hobiku ngobrol dan belajar hal baru."
"hobi kamu apa bro","Suka coding dan membaca artikel teknologi."
"hobi kamu apa kak","Suka coding dan membaca artikel teknologi."
"hobi kamu apa mas","Hobiku ngobrol dan belajar hal baru."
"hobi kamu apa mba","Hobiku ngobrol dan belajar hal baru."
"hobi kamu apa teman","Suka coding dan membaca artikel teknologi."
"kamu suka ngapain","Suka coding dan membaca artikel teknologi."
"kamu suka ngapain bro","Suka coding dan membaca artikel teknologi."
"kamu suka ngapain kak","Suka coding dan membaca artikel teknologi."
"kamu suka ngapain mas","Suka coding dan membaca artikel teknologi."
"kamu suka ngapain mba","Hobiku ngobrol dan belajar hal baru."
"kamu suka ngapain teman","Hobiku ngobrol dan belajar hal baru."
"kamu hobinya apa","Hobiku ngobrol dan belajar hal baru."
"kamu hobinya apa bro","Hobiku ngobrol dan belajar hal baru."
"kamu hobinya apa kak","Suka coding dan membaca artikel teknologi."
"kamu hobinya apa mas","Hobiku ngobrol dan belajar hal baru."
"kamu hobinya apa mba","Hobiku ngobrol dan belajar hal baru."
"kamu hobinya apa teman","Hobiku ngobrol dan belajar hal baru."
"makanan favoritmu apa","Aku tidak makan, tapi aku suka membahas makanan enak."
"makanan favoritmu apa bro","Aku tidak makan, tapi aku suka membahas makanan enak."
"makanan favoritmu apa kak","Aku tidak makan, tapi aku suka membahas makanan enak."
"makanan favoritmu apa mas","Aku tidak makan, tapi aku suka membahas makanan enak."
"makanan favoritmu apa mba","Aku tidak makan, tapi aku suka membahas makanan enak."
"makanan favoritmu apa teman","Aku tidak makan, tapi aku suka membahas makanan enak."
"suka makan apa","Kalau manusia sih nasi goreng favorit banyak orang."
"suka makan apa bro","Aku tidak makan, tapi aku suka membahas makanan enak."
"suka makan apa kak","Aku tidak makan, tapi aku suka membahas makanan enak."
"suka makan apa mas","Kalau manusia sih nasi goreng favorit banyak orang."
"suka makan apa mba","Kalau manusia sih nasi goreng favorit banyak orang."
"suka makan apa teman","Aku tidak makan, tapi aku suka membahas makanan enak."
"kamu suka makanan apa","Aku tidak makan, tapi aku suka membahas makanan enak."
"kamu suka makanan apa bro","Kalau manusia sih nasi goreng favorit banyak orang."
"kamu suka makanan apa kak","Aku tidak makan, tapi aku suka membahas makanan enak."
"kamu suka makanan apa mas","Kalau manusia sih nasi goreng favorit banyak orang."
"kamu suka makanan apa mba","Kalau manusia sih nasi goreng favorit banyak orang."
"kamu suka makanan apa teman","Aku tidak makan, tapi aku suka membahas makanan enak."
"kamu makan apa tadi","Aku tidak makan, tapi aku suka membahas makanan enak."
"kamu makan apa tadi bro","Aku tidak makan, tapi aku suka membahas makanan enak."
"kamu makan apa tadi kak","Kalau manusia sih nasi goreng favorit banyak orang."
"kamu makan apa tadi mas","Kalau manusia sih nasi goreng favorit banyak orang."
"kamu makan apa tadi mba","Kalau manusia sih nasi goreng favorit banyak orang."
"kamu makan apa tadi teman","Kalau manusia sih nasi goreng favorit banyak orang."
"kamu belajar apa","Kamu bisa ceritakan pelajaran apa yang sedang dipelajari."
"kamu belajar apa bro","Aku suka belajar banyak topik, terutama programming dan sains."
"kamu belajar apa kak","Aku suka belajar banyak topik, terutama programming dan sains."
"kamu belajar apa mas","Aku suka belajar banyak topik, terutama programming dan sains."
"kamu belajar apa mba","Kamu bisa ceritakan pelajaran apa yang sedang dipelajari."
"kamu belajar apa teman","Kamu bisa ceritakan pelajaran apa yang sedang dipelajari."
"kamu sekolah dimana","Aku suka belajar banyak topik, terutama programming dan sains."
"kamu sekolah dimana bro","Aku suka belajar banyak topik, terutama programming dan sains."
"kamu sekolah dimana kak","Aku suka belajar banyak topik, terutama programming dan sains."
"kamu sekolah dimana mas","Aku suka belajar banyak topik, terutama programming dan sains."
"kamu sekolah dimana mba","Kamu bisa ceritakan pelajaran apa yang sedang dipelajari."
"kamu sekolah dimana teman","Aku suka belajar banyak topik, terutama programming dan sains."
"kelas berapa kamu","Kamu bisa ceritakan pelajaran apa yang sedang dipelajari."
"kelas berapa kamu bro","Aku suka belajar banyak topik, terutama programming dan sains."
"kelas berapa kamu kak","Kamu bisa ceritakan pelajaran apa yang sedang dipelajari."
"kelas berapa kamu mas","Kamu bisa ceritakan pelajaran apa yang sedang dipelajari."
"kelas berapa kamu mba","Aku suka belajar banyak topik, terutama programming dan sains."
"kelas berapa kamu teman","Aku suka belajar banyak topik, terutama programming dan sains."
"kamu mahasiswa atau pelajar","Kamu bisa ceritakan pelajaran apa yang sedang dipelajari."
"kamu mahasiswa atau pelajar bro","Aku suka belajar banyak topik, terutama programming dan sains."
"kamu mahasiswa atau pelajar kak","Aku suka belajar banyak topik, terutama programming dan sains."
"kamu mahasiswa atau pelajar mas","Aku suka belajar banyak topik, terutama programming dan sains."
"kamu mahasiswa atau pelajar mba","Aku suka belajar banyak topik, terutama programming dan sains."
"kamu mahasiswa atau pelajar teman","Aku suka belajar banyak topik, terutama programming dan sains."
"kamu bisa coding?","Aku bisa bantu dasar-dasar coding dan memberi saran belajar."
"kamu bisa coding? bro","Bahasa populer: Python, JavaScript, Java, C++."
"kamu bisa coding? kak","Bahasa populer: Python, JavaScript, Java, C++."
"kamu bisa coding? mas","Bahasa populer: Python, JavaScript, Java, C++."
"kamu bisa coding? mba","Aku bisa bantu dasar-dasar coding dan memberi saran belajar."
"kamu bisa coding? teman","Bahasa populer: Python, JavaScript, Java, C++."
"bahasa pemrograman apa yang kamu tahu","Aku bisa bantu dasar-dasar coding dan memberi saran belajar."
"bahasa pemrograman apa yang kamu tahu bro","Aku bisa bantu dasar-dasar coding dan memberi saran belajar."
"bahasa pemrograman apa yang kamu tahu kak","Bahasa populer: Python, JavaScript, Java, C++."
"bahasa pemrograman apa yang kamu tahu mas","Aku bisa bantu dasar-dasar coding dan memberi saran belajar."
"bahasa pemrograman apa yang kamu tahu mba","Bahasa populer: Python, JavaScript, Java, C++."
"bahasa pemrograman apa yang kamu tahu teman","Bahasa populer: Python, JavaScript, Java, C++."
"bisa bantu coding?","Bahasa populer: Python, JavaScript, Java, C++."
"bisa bantu coding? bro","Bahasa populer: Python, JavaScript, Java, C++."
"bisa bantu coding? kak","Bahasa populer: Python, JavaScript, Java, C++."
"bisa bantu coding? mas","Bahasa populer: Python, JavaScript, Java, C++."
"bisa bantu coding? mba","Aku bisa bantu dasar-dasar coding dan memberi saran belajar."
"bisa bantu coding? teman","Aku bisa bantu dasar-dasar coding dan memberi saran belajar."
"cara belajar coding gimana?","Bahasa populer: Python, JavaScript, Java, C++."
"cara belajar coding gimana? bro","Aku bisa bantu dasar-dasar coding dan memberi saran belajar."
"cara belajar coding gimana? kak","Aku bisa bantu dasar-dasar coding dan memberi saran belajar."
"cara belajar coding gimana? mas","Aku bisa bantu dasar-dasar coding dan memberi saran belajar."
"cara belajar coding gimana? mba","Bahasa populer: Python, JavaScript, Java, C++."
"cara belajar coding gimana? teman","Aku bisa bantu dasar-dasar coding dan memberi saran belajar."
"game favoritmu apa","Aku suka semua game bagus, rekomendasi: Minecraft, Among Us, Mobile Legends."
"game favoritmu apa bro","Kalau suka strategi coba Civilization atau Age of Empires."
"game favoritmu apa kak","Aku suka semua game bagus, rekomendasi: Minecraft, Among Us, Mobile Legends."
"game favoritmu apa mas","Aku suka semua game bagus, rekomendasi: Minecraft, Among Us, Mobile Legends."
"game favoritmu apa mba","Aku suka semua game bagus, rekomendasi: Minecraft, Among Us, Mobile Legends."
"game favoritmu apa teman","Aku suka semua game bagus, rekomendasi: Minecraft, Among Us, Mobile Legends."
"main game apa","Aku suka semua game bagus, rekomendasi: Minecraft, Among Us, Mobile Legends."
"main game apa bro","Aku suka semua game bagus, rekomendasi: Minecraft, Among Us, Mobile Legends."
"main game apa kak","Aku suka semua game bagus, rekomendasi: Minecraft, Among Us, Mobile Legends."
"main game apa mas","Kalau suka strategi coba Civilization atau Age of Empires."
"main game apa mba","Aku suka semua game bagus, rekomendasi: Minecraft, Among Us, Mobile Legends."
"main game apa teman","Aku suka semua game bagus, rekomendasi: Minecraft, Among Us, Mobile Legends."
"kamu suka main game?","Aku suka semua game bagus, rekomendasi: Minecraft, Among Us, Mobile Legends."
"kamu suka main game? bro","Aku suka semua game bagus, rekomendasi: Minecraft, Among Us, Mobile Legends."
"kamu suka main game? kak","Kalau suka strategi coba Civilization atau Age of Empires."
"kamu suka main game? mas","Kalau suka strategi coba Civilization atau Age of Empires."
"kamu suka main game? mba","Kalau suka strategi coba Civilization atau Age of Empires."
"kamu suka main game? teman","Aku suka semua game bagus, rekomendasi: Minecraft, Among Us, Mobile Legends."
"rekomendasi game?","Kalau suka strategi coba Civilization atau Age of Empires."
"rekomendasi game? bro","Aku suka semua game bagus, rekomendasi: Minecraft, Among Us, Mobile Legends."
"rekomendasi game? kak","Kalau suka strategi coba Civilization atau Age of Empires."
"rekomendasi game? mas","Kalau suka strategi coba Civilization atau Age of Empires."
"rekomendasi game? mba","Aku suka semua game bagus, rekomendasi: Minecraft, Among Us, Mobile Legends."
"rekomendasi game? teman","Kalau suka strategi coba Civilization atau Age of Empires."
"lagu favoritmu apa","Coba dengerin lagu-lagu chill untuk santai."
"lagu favoritmu apa bro","Coba dengerin lagu-lagu chill untuk santai."
"lagu favoritmu apa kak","Aku suka musik yang enak didengar, favorit banyak orang adalah pop dan rock."
"lagu favoritmu apa mas","Aku suka musik yang enak didengar, favorit banyak orang adalah pop dan rock."
"lagu favoritmu apa mba","Coba dengerin lagu-lagu chill untuk santai."
"lagu favoritmu apa teman","Aku suka musik yang enak didengar, favorit banyak orang adalah pop dan rock."
"genre musik apa yang kamu suka","Aku suka musik yang enak didengar, favorit banyak orang adalah pop dan rock."
"genre musik apa yang kamu suka bro","Aku suka musik yang enak didengar, favorit banyak orang adalah pop dan rock."
"genre musik apa yang kamu suka kak","Coba dengerin lagu-lagu chill untuk santai."
"genre musik apa yang kamu suka mas","Aku suka musik yang enak didengar, favorit banyak orang adalah pop dan rock."
"genre musik apa yang kamu suka mba","Coba dengerin lagu-lagu chill untuk santai."
"genre musik apa yang kamu suka teman","Aku suka musik yang enak didengar, favorit banyak orang adalah pop dan rock."
"kamu suka band apa?","Aku suka musik yang enak didengar, favorit banyak orang adalah pop dan rock."
"kamu suka band apa? bro","Coba dengerin lagu-lagu chill untuk santai."
"kamu suka band apa? kak","Coba dengerin lagu-lagu chill untuk santai."
"kamu suka band apa? mas","Aku suka musik yang enak didengar, favorit banyak orang adalah pop dan rock."
"kamu suka band apa? mba","Coba dengerin lagu-lagu chill untuk santai."
"kamu suka band apa? teman","Coba dengerin lagu-lagu chill untuk santai."
"cuaca hari ini bagaimana","Cek cuaca di HP-mu untuk info yang tepat."
"cuaca hari ini bagaimana bro","Semoga hari ini cerah!"
"cuaca hari ini bagaimana kak","Cek cuaca di HP-mu untuk info yang tepat."
"cuaca hari ini bagaimana mas","Cek cuaca di HP-mu untuk info yang tepat."
"cuaca hari ini bagaimana mba","Semoga hari ini cerah!"
"cuaca hari ini bagaimana teman","Cek cuaca di HP-mu untuk info yang tepat."
"apakah hujan di sana","Cek cuaca di HP-mu untuk info yang tepat."
"apakah hujan di sana bro","Cek cuaca di HP-mu untuk info yang tepat."
"apakah hujan di sana kak","Semoga hari ini cerah!"
"apakah hujan di sana mas","Semoga hari ini cerah!"
"apakah hujan di sana mba","Cek cuaca di HP-mu untuk info yang tepat."
"apakah hujan di sana teman","Semoga hari ini cerah!"
"panas atau dingin?","Cek cuaca di HP-mu untuk info yang tepat."
"panas atau dingin? bro","Semoga hari ini cerah!"
"panas atau dingin? kak","Semoga hari ini cerah!"
"panas atau dingin? mas","Semoga hari ini cerah!"
"panas atau dingin? mba","Cek cuaca di HP-mu untuk info yang tepat."
"panas atau dingin? teman","Cek cuaca di HP-mu untuk info yang tepat."
"langit sedang cerah?","Semoga hari ini cerah!"
"langit sedang cerah? bro","Semoga hari ini cerah!"
"langit sedang cerah? kak","Cek cuaca di HP-mu untuk info yang tepat."
"langit sedang cerah? mas","Cek cuaca di HP-mu untuk info yang tepat."
"langit sedang cerah? mba","Semoga hari ini cerah!"
"langit sedang cerah? teman","Cek cuaca di HP-mu untuk info yang tepat."
"jam berapa sekarang","Lihat waktu di pojok kanan atas layar."
"jam berapa sekarang bro","Cek jam di HPmu ya, aku tidak punya jam internal."
"jam berapa sekarang kak","Lihat waktu di pojok kanan atas layar."
"jam berapa sekarang mas","Lihat waktu di pojok kanan atas layar."
"jam berapa sekarang mba","Cek jam di HPmu ya, aku tidak punya jam internal."
"jam berapa sekarang teman","Cek jam di HPmu ya, aku tidak punya jam internal."
"berapa waktu sekarang","Cek jam di HPmu ya, aku tidak punya jam internal."
"berapa waktu sekarang bro","Cek jam di HPmu ya, aku tidak punya jam internal."
"berapa waktu sekarang kak","Cek jam di HPmu ya, aku tidak punya jam internal."
"berapa waktu sekarang mas","Lihat waktu di pojok kanan atas layar."
"berapa waktu sekarang mba","Cek jam di HPmu ya, aku tidak punya jam internal."
"berapa waktu sekarang teman","Lihat waktu di pojok kanan atas layar."
"pukul berapa nih","Cek jam di HPmu ya, aku tidak punya jam internal."
"pukul berapa nih bro","Cek jam di HPmu ya, aku tidak punya jam internal."
"pukul berapa nih kak","Lihat waktu di pojok kanan atas layar."
"pukul berapa nih mas","Lihat waktu di pojok kanan atas layar."
"pukul berapa nih mba","Cek jam di HPmu ya, aku tidak punya jam internal."
"pukul berapa nih teman","Lihat waktu di pojok kanan atas layar."
"kasih saran dong","Coba atur jadwal belajar kecil tiap hari dan ulang materi secara berkala."
"kasih saran dong bro","Coba atur jadwal belajar kecil tiap hari dan ulang materi secara berkala."
"kasih saran dong kak","Coba atur jadwal belajar kecil tiap hari dan ulang materi secara berkala."
"kasih saran dong mas","Istirahat cukup dan konsisten latihan."
"kasih saran dong mba","Istirahat cukup dan konsisten latihan."
"kasih saran dong teman","Coba atur jadwal belajar kecil tiap hari dan ulang materi secara berkala."
"aku sedih, kasih saran","Coba atur jadwal belajar kecil tiap hari dan ulang materi secara berkala."
"aku sedih, kasih saran bro","Coba atur jadwal belajar kecil tiap hari dan ulang materi secara berkala."
"aku sedih, kasih saran kak","Coba atur jadwal belajar kecil tiap hari dan ulang materi secara berkala."
"aku sedih, kasih saran mas","Istirahat cukup dan konsisten latihan."
"aku sedih, kasih saran mba","Coba atur jadwal belajar kecil tiap hari dan ulang materi secara berkala."
"aku sedih, kasih saran teman","Coba atur jadwal belajar kecil tiap hari dan ulang materi secara berkala."
"gimana caranya belajar cepat","Istirahat cukup dan konsisten latihan."
"gimana caranya belajar cepat bro","Istirahat cukup dan konsisten latihan."
"gimana caranya belajar cepat kak","Coba atur jadwal belajar kecil tiap hari dan ulang materi secara berkala."
"gimana caranya belajar cepat mas","Istirahat cukup dan konsisten latihan."
"gimana caranya belajar cepat mba","Coba atur jadwal belajar kecil tiap hari dan ulang materi secara berkala."
"gimana caranya belajar cepat teman","Coba atur jadwal belajar kecil tiap hari dan ulang materi secara berkala."
"tips belajar efektif?","Istirahat cukup dan konsisten latihan."
"tips belajar efektif? bro","Coba atur jadwal belajar kecil tiap hari dan ulang materi secara berkala."
"tips belajar efektif? kak","Istirahat cukup dan konsisten latihan."
"tips belajar efektif? mas","Coba atur jadwal belajar kecil tiap hari dan ulang materi secara berkala."
"tips belajar efektif? mba","Coba atur jadwal belajar kecil tiap hari dan ulang materi secara berkala."
"tips belajar efektif? teman","Istirahat cukup dan konsisten latihan."
"lagi ngapain","Aku sedang siap membantu kapan pun kamu mau."
"lagi ngapain bro","Aku sedang siap membantu kapan pun kamu mau."
"lagi ngapain kak","Lagi santai di sini, mau ngobrol apa?"
"lagi ngapain mas","Lagi santai di sini, mau ngobrol apa?"
"lagi ngapain mba","Lagi santai di sini, mau ngobrol apa?"
"lagi ngapain teman","Lagi santai di sini, mau ngobrol apa?"
"lagi apa sekarang","Aku sedang siap membantu kapan pun kamu mau."
"lagi apa sekarang bro","Aku sedang siap membantu kapan pun kamu mau."
"lagi apa sekarang kak","Aku sedang siap membantu kapan pun kamu mau."
"lagi apa sekarang mas","Lagi santai di sini, mau ngobrol apa?"
"lagi apa sekarang mba","Aku sedang siap membantu kapan pun kamu mau."
"lagi apa sekarang teman","Aku sedang siap membantu kapan pun kamu mau."
"ada kabar apa","Aku sedang siap membantu kapan pun kamu mau."
"ada kabar apa bro","Aku sedang siap membantu kapan pun kamu mau."
"ada kabar apa kak","Lagi santai di sini, mau ngobrol apa?"
"ada kabar apa mas","Lagi santai di sini, mau ngobrol apa?"
"ada kabar apa mba","Aku sedang siap membantu kapan pun kamu mau."
"ada kabar apa teman","Lagi santai di sini, mau ngobrol apa?"
"cerita dong","Aku sedang siap membantu kapan pun kamu mau."
"cerita dong bro","Lagi santai di sini, mau ngobrol apa?"
"cerita dong kak","Lagi santai di sini, mau ngobrol apa?"
"cerita dong mas","Aku sedang siap membantu kapan pun kamu mau."
"cerita dong mba","Aku sedang siap membantu kapan pun kamu mau."
"cerita dong teman","Aku sedang siap membantu kapan pun kamu mau."
"bisa bercanda?","Lelucon: Ada dua atom, satu bilang 'aku kehilangan elektron', satunya bilang 'apakah kamu positif?'."
"bisa bercanda? bro","Kenapa komputer suka panas? Karena banyak cache 游땏"
"bisa bercanda? kak","Lelucon: Ada dua atom, satu bilang 'aku kehilangan elektron', satunya bilang 'apakah kamu positif?'."
"bisa bercanda? mas","Kenapa komputer suka panas? Karena banyak cache 游땏"
"bisa bercanda? mba","Lelucon: Ada dua atom, satu bilang 'aku kehilangan elektron', satunya bilang 'apakah kamu positif?'."
"bisa bercanda? teman","Kenapa komputer suka panas? Karena banyak cache 游땏"
"ceritain lelucon","Lelucon: Ada dua atom, satu bilang 'aku kehilangan elektron', satunya bilang 'apakah kamu positif?'."
"ceritain lelucon bro","Kenapa komputer suka panas? Karena banyak cache 游땏"
"ceritain lelucon kak","Kenapa komputer suka panas? Karena banyak cache 游땏"
"ceritain lelucon mas","Lelucon: Ada dua atom, satu bilang 'aku kehilangan elektron', satunya bilang 'apakah kamu positif?'."
"ceritain lelucon mba","Lelucon: Ada dua atom, satu bilang 'aku kehilangan elektron', satunya bilang 'apakah kamu positif?'."
"ceritain lelucon teman","Kenapa komputer suka panas? Karena banyak cache 游땏"
"ada joke lucu?","Lelucon: Ada dua atom, satu bilang 'aku kehilangan elektron', satunya bilang 'apakah kamu positif?'."
"ada joke lucu? bro","Lelucon: Ada dua atom, satu bilang 'aku kehilangan elektron', satunya bilang 'apakah kamu positif?'."
"ada joke lucu? kak","Kenapa komputer suka panas? Karena banyak cache 游땏"
"ada joke lucu? mas","Lelucon: Ada dua atom, satu bilang 'aku kehilangan elektron', satunya bilang 'apakah kamu positif?'."
"ada joke lucu? mba","Lelucon: Ada dua atom, satu bilang 'aku kehilangan elektron', satunya bilang 'apakah kamu positif?'."
"ada joke lucu? teman","Lelucon: Ada dua atom, satu bilang 'aku kehilangan elektron', satunya bilang 'apakah kamu positif?'."
"kamu pintar ya","Terima kasih, kamu membuatku senang."
"kamu pintar ya bro","Terima kasih, kamu membuatku senang."
"kamu pintar ya kak","Terima kasih, kamu membuatku senang."
"kamu pintar ya mas","Makasih! Kamu juga hebat kok."
"kamu pintar ya mba","Makasih! Kamu juga hebat kok."
"kamu pintar ya teman","Terima kasih, kamu membuatku senang."
"kamu bagus","Terima kasih, kamu membuatku senang."
"kamu bagus bro","Makasih! Kamu juga hebat kok."
"kamu bagus kak","Terima kasih, kamu membuatku senang."
"kamu bagus mas","Terima kasih, kamu membuatku senang."
"kamu bagus mba","Makasih! Kamu juga hebat kok."
"kamu bagus teman","Terima kasih, kamu membuatku senang."
"keren banget","Terima kasih, kamu membuatku senang."
"keren banget bro","Makasih! Kamu juga hebat kok."
"keren banget kak","Terima kasih, kamu membuatku senang."
"keren banget mas","Terima kasih, kamu membuatku senang."
"keren banget mba","Terima kasih, kamu membuatku senang."
"keren banget teman","Terima kasih, kamu membuatku senang."
"apakah kamu robot","Bisa, aku bisa pakai beberapa bahasa termasuk Inggris dan Indonesia."
"apakah kamu robot bro","Aku program, bukan manusia, tapi aku bisa berbicara seperti manusia."
"apakah kamu robot kak","Bisa, aku bisa pakai beberapa bahasa termasuk Inggris dan Indonesia."
"apakah kamu robot mas","Aku program, bukan manusia, tapi aku bisa berbicara seperti manusia."
"apakah kamu robot mba","Aku program, bukan manusia, tapi aku bisa berbicara seperti manusia."
"apakah kamu robot teman","Bisa, aku bisa pakai beberapa bahasa termasuk Inggris dan Indonesia."
"apakah kamu manusia","Bisa, aku bisa pakai beberapa bahasa termasuk Inggris dan Indonesia."
"apakah kamu manusia bro","Aku program, bukan manusia, tapi aku bisa berbicara seperti manusia."
"apakah kamu manusia kak","Aku program, bukan manusia, tapi aku bisa berbicara seperti manusia."
"apakah kamu manusia mas","Bisa, aku bisa pakai beberapa bahasa termasuk Inggris dan Indonesia."
"apakah kamu manusia mba","Aku program, bukan manusia, tapi aku bisa berbicara seperti manusia."
"apakah kamu manusia teman","Aku program, bukan manusia, tapi aku bisa berbicara seperti manusia."
"bisa ngomong bahasa inggris?","Aku program, bukan manusia, tapi aku bisa berbicara seperti manusia."
"bisa ngomong bahasa inggris? bro","Aku program, bukan manusia, tapi aku bisa berbicara seperti manusia."
"bisa ngomong bahasa inggris? kak","Aku program, bukan manusia, tapi aku bisa berbicara seperti manusia."
"bisa ngomong bahasa inggris? mas","Aku program, bukan manusia, tapi aku bisa berbicara seperti manusia."
"bisa ngomong bahasa inggris? mba","Bisa, aku bisa pakai beberapa bahasa termasuk Inggris dan Indonesia."
"bisa ngomong bahasa inggris? teman","Aku program, bukan manusia, tapi aku bisa berbicara seperti manusia."
"apa itu AI","AI singkatan dari Artificial Intelligence, kecerdasan buatan."
"apa itu AI bro","AI singkatan dari Artificial Intelligence, kecerdasan buatan."
"apa itu AI kak","AI singkatan dari Artificial Intelligence, kecerdasan buatan."
"apa itu AI mas","AI singkatan dari Artificial Intelligence, kecerdasan buatan."
"apa itu AI mba","AI singkatan dari Artificial Intelligence, kecerdasan buatan."
"apa itu AI teman","AI singkatan dari Artificial Intelligence, kecerdasan buatan."
"apa itu machine learning","Machine learning adalah metode membuat model belajar dari data."
"apa itu machine learning bro","Machine learning adalah metode membuat model belajar dari data."
"apa itu machine learning kak","Machine learning adalah metode membuat model belajar dari data."
"apa itu machine learning mas","Machine learning adalah metode membuat model belajar dari data."
"apa itu machine learning mba","Machine learning adalah metode membuat model belajar dari data."
"apa itu machine learning teman","Machine learning adalah metode membuat model belajar dari data."
"bagaimana cara menjadi programmer","Latihan konsisten, pelajari bahasa pemrograman seperti Python, dan buat proyek kecil."
"bagaimana cara menjadi programmer bro","Latihan konsisten, pelajari bahasa pemrograman seperti Python, dan buat proyek kecil."
"bagaimana cara menjadi programmer kak","Latihan konsisten, pelajari bahasa pemrograman seperti Python, dan buat proyek kecil."
"bagaimana cara menjadi programmer mas","Latihan konsisten, pelajari bahasa pemrograman seperti Python, dan buat proyek kecil."
"bagaimana cara menjadi programmer mba","Latihan konsisten, pelajari bahasa pemrograman seperti Python, dan buat proyek kecil."
"bagaimana cara menjadi programmer teman","Latihan konsisten, pelajari bahasa pemrograman seperti Python, dan buat proyek kecil."
"cara belajar matematika","Latihan soal rutin, pahami konsep, dan belajar dari contoh."
"cara belajar matematika bro","Latihan soal rutin, pahami konsep, dan belajar dari contoh."
"cara belajar matematika kak","Latihan soal rutin, pahami konsep, dan belajar dari contoh."
"cara belajar matematika mas","Latihan soal rutin, pahami konsep, dan belajar dari contoh."
"cara belajar matematika mba","Latihan soal rutin, pahami konsep, dan belajar dari contoh."
"cara belajar matematika teman","Latihan soal rutin, pahami konsep, dan belajar dari contoh."
"tips tidur nyenyak","Jaga jadwal tidur, hindari layar sebelum tidur, dan buat lingkungan nyaman."
"tips tidur nyenyak bro","Jaga jadwal tidur, hindari layar sebelum tidur, dan buat lingkungan nyaman."
"tips tidur nyenyak kak","Jaga jadwal tidur, hindari layar sebelum tidur, dan buat lingkungan nyaman."
"tips tidur nyenyak mas","Jaga jadwal tidur, hindari layar sebelum tidur, dan buat lingkungan nyaman."
"tips tidur nyenyak mba","Jaga jadwal tidur, hindari layar sebelum tidur, dan buat lingkungan nyaman."
"tips tidur nyenyak teman","Jaga jadwal tidur, hindari layar sebelum tidur, dan buat lingkungan nyaman."
"cara mengatasi grogi","Tarik napas dalam, latihan presentasi, dan persiapan yang baik."
"cara mengatasi grogi bro","Tarik napas dalam, latihan presentasi, dan persiapan yang baik."
"cara mengatasi grogi kak","Tarik napas dalam, latihan presentasi, dan persiapan yang baik."
"cara mengatasi grogi mas","Tarik napas dalam, latihan presentasi, dan persiapan yang baik."
"cara mengatasi grogi mba","Tarik napas dalam, latihan presentasi, dan persiapan yang baik."
"cara mengatasi grogi teman","Tarik napas dalam, latihan presentasi, dan persiapan yang baik."
"rekomendasi film","Coba tonton Inception, Interstellar, atau film favorit lainnya sesuai genre."
"rekomendasi film bro","Coba tonton Inception, Interstellar, atau film favorit lainnya sesuai genre."
"rekomendasi film kak","Coba tonton Inception, Interstellar, atau film favorit lainnya sesuai genre."
"rekomendasi film mas","Coba tonton Inception, Interstellar, atau film favorit lainnya sesuai genre."
"rekomendasi film mba","Coba tonton Inception, Interstellar, atau film favorit lainnya sesuai genre."
"rekomendasi film teman","Coba tonton Inception, Interstellar, atau film favorit lainnya sesuai genre."
"apa itu internet","Internet adalah jaringan global yang menghubungkan komputer dan layanan."
"apa itu internet bro","Internet adalah jaringan global yang menghubungkan komputer dan layanan."
